,Title,Rewatch,Watched Date
0,Incredibles 2,,2018-06-16
1,First Reformed,Yes,2018-06-19
2,Carol,,2018-06-21
3,Won't You Be My Neighbor?,,2018-06-22
4,The Intern,Yes,2018-06-25
5,Night of the Living Dead,,2018-06-26
6,Before Sunset,Yes,2018-06-26
7,Rio Bravo,,2018-06-27
8,Eraserhead,,2018-06-28
9,Jaws,Yes,2018-06-28
10,Au Hasard Balthazar,,2018-06-29
11,Zodiac,,2018-06-30
12,The Hateful Eight,,2018-07-01
13,Sicario,Yes,2018-07-01
14,Vertigo,,2018-07-02
15,Rear Window,,2018-07-02
16,Moneyball,Yes,2018-07-03
17,Boogie Nights,,2018-07-04
18,M,,2018-07-06
19,Stalker,,2018-07-06
20,Annie Hall,,2018-07-07
21,Wanted,,2018-07-07
22,Casablanca,Yes,2018-07-07
23,Dogtooth,,2018-07-08
24,Solaris,,2018-07-08
25,Blue Velvet,Yes,2018-07-09
26,Sorry to Bother You,,2018-07-14
27,Won't You Be My Neighbor?,Yes,2018-07-15
28,Young Frankenstein,Yes,2018-07-16
29,Four Weddings and a Funeral,,2018-07-17
30,The Lobster,,2018-07-18
31,Blazing Saddles,Yes,2018-07-23
32,The Killing of a Sacred Deer,,2018-07-24
33,Baby Face,,2018-07-25
34,Monty Python and the Holy Grail,Yes,2018-07-25
35,The House of the Devil,,2018-07-26
36,Take Shelter,,2018-07-27
37,Once,,2018-07-27
38,Unforgiven,Yes,2018-07-28
39,Mission: Impossible - Fallout,,2018-07-28
40,Mission: Impossible - Rogue Nation,Yes,2018-07-29
41,Mission: Impossible - Fallout,Yes,2018-07-30
42,Beetlejuice,Yes,2018-08-03
43,Eighth Grade,,2018-08-05
44,His Girl Friday,,2018-08-09
45,Her,Yes,2018-08-11
46,BlacKkKlansman,,2018-08-11
47,Phenomenon,,2018-08-12
48,Out of Sight,,2018-08-13
49,Under the Skin,,2018-08-14
50,BlacKkKlansman,Yes,2018-08-14
51,Locke,,2018-08-14
52,Dave,Yes,2018-08-17
53,The Accidental Tourist,,2018-08-19
54,Hannah Gadsby: Nanette,,2018-08-21
55,John Mulaney: New in Town,,2018-08-22
56,The Big Lebowski,Yes,2018-08-23
57,Mission: Impossible - Rogue Nation,Yes,2018-08-30
58,Hereditary,,2018-08-31
59,Ted,Yes,2018-09-03
60,The Great Gatsby,,2018-09-13
61,Se7en,Yes,2018-09-14
62,The Age of Innocence,,2018-09-19
63,The Princess Bride,Yes,2018-09-21
64,Predator,,2018-09-29
65,Predators,,2018-09-30
66,There Will Be Blood,Yes,2018-10-02
67,A Star Is Born,,2018-10-06
68,Citizen Kane,,2018-10-09
69,Joe Rogan: Strange Times,,2018-10-11
70,Joe Rogan: Triggered,,2018-10-13
71,Game Night,,2018-10-15
72,Hold the Dark,,2018-10-16
73,Phantom Thread,,2018-10-17
74,Private Life,,2018-10-20
75,First Man,,2018-10-20
76,Halloween,Yes,2018-10-20
77,Halloween,,2018-10-22
78,First Reformed,Yes,2018-10-22
79,The Magnificent Ambersons,,2018-10-23
80,Adam Sandler: 100% Fresh,,2018-10-25
81,Minding the Gap,,2018-10-25
82,Suspiria,,2018-10-30
83,You Were Never Really Here,,2018-10-31
84,To Kill a Mockingbird,Yes,2018-11-01
85,Suspiria,,2018-11-02
86,The Color Purple,,2018-11-13
87,A Simple Favor,,2018-11-16
88,Widows,,2018-11-17
89,Antichrist,Yes,2018-11-17
90,Good Will Hunting,Yes,2018-11-21
91,Midnight Run,Yes,2018-11-22
92,Green Book,,2018-11-22
93,The Godfather,Yes,2018-11-27
94,Paddington 2,,2018-11-28
95,The Tree of Life,,2018-12-04
96,Nashville,,2018-12-04
97,Noah,,2018-12-07
98,A Serious Man,Yes,2018-12-07
99,Badlands,,2018-12-08
100,Nymphomaniac: Vol. I,,2018-12-19
101,Nymphomaniac: Vol. II,,2018-12-19
102,The House That Jack Built,,2018-12-19
103,The Favourite,,2018-12-21
104,Roma,,2018-12-22
105,Fantastic Mr. Fox,Yes,2018-12-24
106,Paddington 2,Yes,2018-12-25
107,Isle of Dogs,Yes,2018-12-26
108,Instant Family,,2018-12-26
109,Mary Poppins Returns,,2018-12-29
110,Before Midnight,Yes,2019-01-01
111,Vice,,2019-01-01
112,The Ballad of Buster Scruggs,,2019-01-02
113,Apostle,,2019-01-03
114,Spider-Man: Into the Spider-Verse,,2019-01-04
115,Mandy,,2019-01-04
116,Leave No Trace,,2019-01-04
117,The Death of Stalin,,2019-01-05
118,The Rider,,2019-01-05
119,Blockers,,2019-01-06
120,Grizzly Man,Yes,2019-01-06
121,Bird Box,,2019-01-09
122,If Beale Street Could Talk,,2019-01-11
123,Annihilation,Yes,2019-01-18
124,The Spy Who Dumped Me,,2019-01-25
125,BlacKkKlansman,Yes,2019-01-26
126,Blockers,Yes,2019-01-26
127,Green Room,Yes,2019-01-30
128,The Witch,Yes,2019-01-30
129,Punch-Drunk Love,,2019-01-31
130,Children of Men,Yes,2019-01-31
131,Y Tu Mamá También,,2019-02-01
132,Velvet Buzzsaw,,2019-02-05
133,Eternal Sunshine of the Spotless Mind,Yes,2019-02-05
134,Personal Shopper,,2019-02-06
135,The Exorcist,Yes,2019-02-10
136,High Flying Bird,,2019-02-11
137,The Master,,2019-02-12
138,Nosferatu,,2019-02-12
139,Nightcrawler,Yes,2019-02-13
140,Zodiac,Yes,2019-02-15
141,Freaks,,2019-02-16
142,Wild Strawberries,,2019-02-16
143,Dracula,,2019-02-18
144,The Texas Chain Saw Massacre,,2019-02-18
145,The Host,,2019-02-19
146,The 40 Year Old Virgin,Yes,2019-02-21
147,Bohemian Rhapsody,,2019-02-21
148,The 40 Year Old Virgin,Yes,2019-02-23
149,Don't Look Now,,2019-02-24
150,I Walked with a Zombie,,2019-02-25
151,Free Solo,,2019-02-27
152,Poltergeist,,2019-03-02
153,A Woman Under the Influence,,2019-03-02
154,"4 Months, 3 Weeks and 2 Days",,2019-03-02
155,The Tingler,,2019-03-04
156,A Brighter Summer Day,,2019-03-06
157,Irreversible,,2019-03-08
158,Peeping Tom,,2019-03-08
159,The Night of the Hunter,,2019-03-09
160,Eyes Without a Face,,2019-03-10
161,The Exorcist,Yes,2019-03-18
162,Captain Marvel,,2019-03-24
163,Annie Hall,Yes,2019-03-24
164,Tom Segura: Mostly Stories,,2019-03-24
165,Us,,2019-03-28
166,Carrie,,2019-04-01
167,John Mulaney: New in Town,Yes,2019-04-03
168,Kevin Hart: Irresponsible,,2019-04-04
169,Amy Schumer: Growing,,2019-04-04
170,Antichrist,Yes,2019-04-06
171,Avengers: Infinity War,Yes,2019-04-06
172,Halloween,Yes,2019-04-08
173,The Texas Chain Saw Massacre,Yes,2019-04-08
174,Knock Down the House,,2019-04-13
175,The Third Wife,,2019-04-13
176,Suspiria,Yes,2019-04-15
177,The Fly,,2019-04-22
178,Whistle and I'll Come to You,,2019-04-23
179,Avengers: Endgame,,2019-04-27
180,The Wailing,,2019-04-30
181,Audition,,2019-05-02
182,Burning,,2019-05-04
183,Get Out,Yes,2019-05-06
184,A Girl Walks Home Alone at Night,,2019-05-13
185,Mad Max: Fury Road,Yes,2019-05-17
186,Suspiria,Yes,2019-05-18
187,Train to Busan,,2019-05-27
188,The Lonely Island Presents: The Unauthorized Bash Brothers Experience,,2019-05-30
189,Brick,,2019-05-30
190,The Edge of Seventeen,,2019-06-06
191,Chernobyl,,2019-06-07
192,Sicario,Yes,2019-06-08
193,Psycho,,2019-06-10
194,Spider-Man: Homecoming,,2019-06-10
195,American Psycho,,2019-06-11
196,The Meg,,2019-06-12
197,Side Effects,,2019-06-12
198,Girls Trip,,2019-06-12
199,Gone Girl,Yes,2019-06-13
200,A Dark Song,,2019-06-18
201,Napoleon Dynamite,Yes,2019-06-19
202,The 40 Year Old Virgin,Yes,2019-06-20
203,Crazy Rich Asians,,2019-06-25
204,Always Be My Maybe,,2019-06-26
205,Toy Story 4,,2019-06-27
206,Austin Powers: The Spy Who Shagged Me,Yes,2019-06-28
207,The Lonely Island Presents: The Unauthorized Bash Brothers Experience,Yes,2019-07-04
208,Avengers: Endgame,Yes,2019-07-06
209,Anchorman: The Legend of Ron Burgundy,Yes,2019-07-07
210,Talladega Nights: The Ballad of Ricky Bobby,Yes,2019-07-08
211,Edge of Tomorrow,Yes,2019-07-09
212,Toy Story 4,Yes,2019-07-10
213,The Silence of the Lambs,Yes,2019-07-11
214,Tropic Thunder,Yes,2019-07-12
215,7 Days in Hell,Yes,2019-07-12
216,A Fish Called Wanda,Yes,2019-07-13
217,Ace Ventura: Pet Detective,Yes,2019-07-14
218,Midsommar,,2019-07-15
219,Pulp Fiction,Yes,2019-07-16
220,Office Space,Yes,2019-07-17
221,Stop Making Sense,,2019-07-18
222,Rushmore,Yes,2019-07-18
223,The Grand Budapest Hotel,Yes,2019-07-19
224,Amadeus,Yes,2019-07-24
225,Die Hard,Yes,2019-07-25
226,Birdman or (The Unexpected Virtue of Ignorance),Yes,2019-07-27
227,The Hangover,,2019-07-28
228,Y Tu Mamá También,Yes,2019-07-30
229,Once Upon a Time… in Hollywood,,2019-07-30
230,Spaceballs,Yes,2019-07-31
231,Reservoir Dogs,Yes,2019-08-04
232,Jackie Brown,,2019-08-05
233,Deliverance,,2019-08-06
234,The Souvenir,,2019-08-09
235,The Big Lebowski,Yes,2019-08-12
236,Jackie Brown,Yes,2019-08-14
237,Iron Man,Yes,2019-08-17
238,Borat: Cultural Learnings of America for Make Benefit Glorious Nation of Kazakhstan,Yes,2019-08-18
239,Hereditary,Yes,2019-08-21
240,Inglourious Basterds,Yes,2019-08-23
241,Everybody Wants Some!!,,2019-08-24
242,Dumb and Dumber,Yes,2019-08-25
243,Oklahoma!,,2019-08-29
244,Batman,Yes,2019-09-05
245,Dave Chappelle: Sticks & Stones,,2019-09-07
246,Bill Burr: Paper Tiger,,2019-09-12
247,Eyes Wide Shut,Yes,2019-09-13
248,The Tree of Life,Yes,2019-09-15
249,Dave Chappelle: The Age of Spin,Yes,2019-09-17
250,Hot Rod,Yes,2019-09-20
251,Downton Abbey,,2019-09-22
252,Bill Burr: You People Are All The Same,Yes,2019-09-24
253,Toy Story 4,Yes,2019-09-27
254,Ad Astra,,2019-09-28
255,Bill Burr: Let It Go,Yes,2019-10-01
256,Minority Report,Yes,2019-10-04
257,Bill Burr: I'm Sorry You Feel That Way,Yes,2019-10-10
258,Burn After Reading,Yes,2019-10-11
259,Joker,,2019-10-12
260,Bill Burr: Why Do I Do This?,Yes,2019-10-17
261,Spider-Man: Into the Spider-Verse,Yes,2019-10-20
262,Do the Right Thing,Yes,2019-10-21
263,L.A. Confidential,Yes,2019-10-22
264,Joker,Yes,2019-10-23
265,Climax,,2019-10-24
266,Parasite,,2019-11-01
267,Forrest Gump,Yes,2019-11-02
268,"Aguirre, the Wrath of God",,2019-11-09
269,Skyfall,Yes,2019-11-15
270,Persona,,2019-11-21
271,Heathers,,2019-11-22
272,The Alphabet,Yes,2019-11-23
273,The Irishman,,2019-11-23
274,Jojo Rabbit,,2019-11-23
275,Booksmart,,2019-11-24
276,Knives Out,,2019-11-26
277,Magic Mike XXL,,2019-11-27
278,John Wick,Yes,2019-11-30
279,A Beautiful Day in the Neighborhood,,2019-11-30
280,Singin' in the Rain,Yes,2019-12-02
281,The 39 Steps,,2019-12-05
282,The Kid,,2019-12-05
283,The Passion of Joan of Arc,,2019-12-05
284,Airplane!,Yes,2019-12-06
285,Goldfinger,Yes,2019-12-06
286,Marriage Story,,2019-12-07
287,Un Chien Andalou,,2019-12-09
288,City Lights,,2019-12-10
289,Modern Times,,2019-12-12
290,Parasite,Yes,2019-12-13
291,28 Weeks Later,Yes,2019-12-19
292,Unfriended,,2019-12-19
293,My Neighbor Totoro,,2019-12-22
294,My Neighbor Totoro,Yes,2019-12-23
295,Clueless,,2019-12-23
296,Star Wars: Episode I - The Phantom Menace,Yes,2019-12-23
297,Christmas with the Kranks,,2019-12-24
298,Home Alone,Yes,2019-12-25
299,Event Horizon,,2019-12-26
300,Star Wars: The Last Jedi,Yes,2019-12-27
301,Star Wars: Episode II - Attack of the Clones,Yes,2019-12-28
302,Star Wars: The Rise of Skywalker,,2019-12-28
303,7 Days in Hell,Yes,2019-12-30
304,The Nightingale,,2019-12-30
305,My Cousin Vinny,Yes,2019-12-31
306,High Life,,2019-12-31
307,Uncle Boonmee Who Can Recall His Past Lives,,2020-01-01
308,Hail Satan?,,2020-01-12
309,Honeyland,,2020-01-12
310,Uncut Gems,,2020-01-13
311,The Lighthouse,,2020-01-17
312,The Last Black Man in San Francisco,,2020-01-18
313,Star Wars: Episode III - Revenge of the Sith,Yes,2020-01-19
314,WHAT DID JACK DO?,,2020-01-22
315,Wonder Woman,Yes,2020-01-22
316,Her Smell,,2020-01-23
317,Her,Yes,2020-01-23
318,Honey Boy,,2020-01-24
319,Jojo Rabbit,Yes,2020-01-24
320,Ash Is Purest White,,2020-01-24
321,1917,,2020-01-24
322,Once Upon a Time… in Hollywood,Yes,2020-01-25
323,The Farewell,,2020-01-26
324,Little Women,,2020-01-26
325,One Child Nation,,2020-01-27
326,Spring Breakers,,2020-01-27
327,Ordet,,2020-01-30
328,Robin Hood: Men in Tights,Yes,2020-01-31
329,Spider-Man,Yes,2020-01-31
330,Bruce Almighty,Yes,2020-02-01
331,Spider-Man 2,Yes,2020-02-01
332,Ford v Ferrari,,2020-02-06
333,Hustlers,,2020-02-08
334,The Prestige,Yes,2020-02-10
335,Inside Llewyn Davis,,2020-02-10
336,Tungrus,,2020-02-12
337,Only Angels Have Wings,,2020-02-12
338,Brief Encounter,,2020-02-13
339,"Hail, Caesar!",,2020-02-18
340,Vampyr,,2020-02-18
341,What We Do in the Shadows,,2020-02-19
342,Come and See,,2020-02-19
343,Django Unchained,Yes,2020-02-22
344,Meshes of the Afternoon,,2020-02-25
345,A Hidden Life,,2020-02-27
346,Portrait of a Lady on Fire,,2020-02-28
347,Midnight Run,Yes,2020-02-29
348,Paterson,,2020-03-01
349,Beverly Hills Cop,Yes,2020-03-01
350,The Fits,,2020-03-03
351,The Descent,,2020-03-04
352,Pain and Glory,,2020-03-05
353,The Lord of the Rings: The Fellowship of the Ring,Yes,2020-03-06
354,The Lord of the Rings: The Two Towers,Yes,2020-03-06
355,The Lord of the Rings: The Return of the King,Yes,2020-03-07
356,American Pie,Yes,2020-03-07
357,Only Lovers Left Alive,,2020-03-08
358,Make Way for Tomorrow,,2020-03-08
359,The Seventh Seal,Yes,2020-03-09
360,The Wolf of Wall Street,Yes,2020-03-10
361,The Social Network,Yes,2020-03-11
362,Margaret,,2020-03-11
363,Mad Max: Fury Road,Yes,2020-03-12
364,Where the Wild Things Are,Yes,2020-03-12
365,Inception,Yes,2020-03-14
366,Miller's Crossing,,2020-03-14
367,The Naked Gun: From the Files of Police Squad!,Yes,2020-03-15
368,Dogville,,2020-03-16
369,A Ghost Story,,2020-03-17
370,The Royal Tenenbaums,,2020-03-17
371,Ex Machina,Yes,2020-03-18
372,Blow Out,,2020-03-19
373,Tootsie,Yes,2020-03-19
374,A Matter of Life and Death,,2020-03-20
375,Rushmore,Yes,2020-03-20
376,The Third Man,,2020-03-21
377,Groundhog Day,Yes,2020-03-21
378,8½,,2020-03-22
379,Seven Samurai,,2020-03-23
380,Andrei Rublev,,2020-03-25
381,The Red Shoes,,2020-03-25
382,This Is Spinal Tap,,2020-03-27
383,Pleasantville,Yes,2020-03-27
384,Miller's Crossing,Yes,2020-03-28
385,Black Narcissus,,2020-03-28
386,Mulholland Drive,Yes,2020-03-29
387,Naked,,2020-03-29
388,"Sherlock, Jr.",,2020-03-30
389,The Life and Death of Colonel Blimp,,2020-03-30
390,The General,,2020-03-31
391,The Wicker Man,,2020-04-01
392,Double Indemnity,,2020-04-01
393,Of Human Bondage,,2020-04-02
394,Fargo,Yes,2020-04-03
395,Jezebel,,2020-04-03
396,The Red Shoes,Yes,2020-04-04
397,Interstellar,Yes,2020-04-07
398,Twin Peaks,,2020-04-09
399,Memento,Yes,2020-04-09
400,No Country for Old Men,Yes,2020-04-10
401,Twin Peaks: Fire Walk with Me,,2020-04-11
402,Twin Peaks: The Missing Pieces,,2020-04-11
403,Kill Bill: Vol. 1,Yes,2020-04-11
404,Kill Bill: Vol. 2,Yes,2020-04-12
405,Ferris Bueller's Day Off,Yes,2020-04-16
406,Twin Peaks: The Return,,2020-04-17
407,Blazing Saddles,Yes,2020-04-18
408,The Perks of Being a Wallflower,Yes,2020-04-18
409,Aliens,Yes,2020-04-22
410,Juno,Yes,2020-04-23
411,The Double Life of Véronique,,2020-04-23
412,Sunset Boulevard,,2020-04-24
413,Mission: Impossible - Ghost Protocol,Yes,2020-04-24
414,The Bourne Supremacy,Yes,2020-04-25
415,Sleepless in Seattle,,2020-04-25
416,Ace in the Hole,,2020-04-26
417,Some Like It Hot,,2020-04-26
418,The Apartment,,2020-04-27
419,Gremlins,,2020-04-28
420,Paths of Glory,,2020-04-29
421,Dr. Strangelove or: How I Learned to Stop Worrying and Love the Bomb,,2020-04-29
422,"Paris, Texas",,2020-05-01
423,Gladiator,Yes,2020-05-02
424,The Umbrellas of Cherbourg,,2020-05-03
425,The Young Girls of Rochefort,,2020-05-04
426,Enemy,,2020-05-06
427,Sweet Smell of Success,,2020-05-08
428,Batman Begins,Yes,2020-05-09
429,The Dark Knight,Yes,2020-05-11
430,The Dark Knight Rises,Yes,2020-05-12
431,Bull Durham,Yes,2020-05-12
432,Psycho,Yes,2020-05-13
433,The Night of the Hunter,Yes,2020-05-15
434,Harold and Maude,,2020-05-16
435,The Last Dance,,2020-05-17
436,Harry Potter and the Order of the Phoenix,,2020-05-18
437,Magnolia,,2020-05-18
438,House,,2020-05-19
439,Brazil,,2020-05-19
440,The Godfather,Yes,2020-05-20
441,Batman Returns,Yes,2020-05-21
442,The Godfather: Part II,,2020-05-23
443,The Life Aquatic with Steve Zissou,,2020-05-24
444,The Age of Innocence,Yes,2020-05-25
445,Hotel Chevalier,,2020-05-25
446,The Darjeeling Limited,,2020-05-25
447,Moonrise Kingdom,Yes,2020-05-26
448,Shaun of the Dead,Yes,2020-05-27
449,Barry Lyndon,,2020-05-27
450,Possession,,2020-05-27
451,French Kiss,Yes,2020-05-28
452,The Last Temptation of Christ,,2020-05-28
453,Bottle Rocket,,2020-05-29
454,Scott Pilgrim vs. the World,,2020-05-29
455,Hercules,Yes,2020-05-30
456,Sweeney Todd: The Demon Barber of Fleet Street,Yes,2020-05-30
457,Dunkirk,Yes,2020-05-31
458,When Harry Met Sally...,Yes,2020-06-01
459,High and Low,,2020-06-01
460,Zombieland,Yes,2020-06-03
461,Superbad,Yes,2020-06-03
462,Ikiru,,2020-06-04
463,Jaws,Yes,2020-06-08
464,The Thing,Yes,2020-06-09
465,Punch-Drunk Love,Yes,2020-06-10
466,Mission: Impossible III,Yes,2020-06-11
467,2001: A Space Odyssey,Yes,2020-06-12
468,Da 5 Bloods,,2020-06-13
469,Princess Mononoke,,2020-06-14
470,Spirited Away,,2020-06-15
471,Porco Rosso,,2020-06-16
472,The King of Staten Island,,2020-06-17
473,Indiana Jones and the Last Crusade,Yes,2020-06-19
474,E.T. the Extra-Terrestrial,Yes,2020-06-20
475,The Iron Giant,Yes,2020-06-21
476,Kiki's Delivery Service,,2020-06-23
477,Ponyo,,2020-06-24
478,Dads,,2020-06-25
479,Castle in the Sky,,2020-06-26
480,Hot Rod,Yes,2020-06-27
481,Perfect Blue,,2020-06-28
482,Nausicaä of the Valley of the Wind,,2020-06-28
483,Lupin the Third: The Castle of Cagliostro,,2020-06-29
484,Howl's Moving Castle,,2020-06-29
485,The Wind Rises,,2020-06-30
486,Whisper of the Heart,,2020-07-01
487,Only Yesterday,,2020-07-02
488,My Neighbor Totoro,Yes,2020-07-03
489,My Neighbors the Yamadas,,2020-07-05
490,The Assistant,,2020-07-05
491,Whisper of the Heart,Yes,2020-07-06
492,Ponyo,Yes,2020-07-06
493,Babe,Yes,2020-07-07
494,Hamilton,,2020-07-08
495,13th,,2020-07-09
496,Palm Springs,,2020-07-10
497,Zodiac,Yes,2020-07-11
498,The 40 Year Old Virgin,Yes,2020-07-12
499,Lupin the Third: The Castle of Cagliostro,Yes,2020-07-13
500,Sing Street,Yes,2020-07-13
501,Thor: Ragnarok,,2020-07-14
502,It's Such a Beautiful Day,,2020-07-16
503,Stop Making Sense,Yes,2020-07-16
504,Uncut Gems,Yes,2020-07-17
505,World of Tomorrow,,2020-07-17
506,World of Tomorrow,Yes,2020-07-18
507,World of Tomorrow,Yes,2020-07-18
508,World of Tomorrow,Yes,2020-07-19
509,World of Tomorrow,Yes,2020-07-19
510,Thor,Yes,2020-07-19
511,Tower,Yes,2020-07-19
512,Drive,Yes,2020-07-19
513,You've Got Mail,Yes,2020-07-20
514,The Lost City of Z,,2020-07-20
515,Knock Down the House,Yes,2020-07-22
516,Hedgehog in the Fog,,2020-07-22
517,Captain America: The First Avenger,Yes,2020-07-23
518,Fantastic Mr. Fox,Yes,2020-07-24
519,Captain America: The Winter Soldier,Yes,2020-07-25
520,Iron Man 2,Yes,2020-07-26
521,Iron Man 3,Yes,2020-07-26
522,The Lego Movie,,2020-07-26
523,Funny Games,,2020-07-26
524,Avengers: Age of Ultron,Yes,2020-07-27
525,Captain America: Civil War,Yes,2020-07-28
526,Vertigo,Yes,2020-07-29
527,Snow White and the Seven Dwarfs,Yes,2020-07-30
528,Meek's Cutoff,,2020-07-31
529,Bambi,Yes,2020-08-01
530,GoodFellas,Yes,2020-08-01
531,Coco,,2020-08-02
532,Stalker,Yes,2020-08-02
533,Inside Out,Yes,2020-08-03
534,Jerry Maguire,Yes,2020-08-03
535,Dead Poets Society,Yes,2020-08-04
536,Wings of Desire,,2020-08-05
537,Spider-Man: Into the Spider-Verse,Yes,2020-08-09
538,Mirror,,2020-08-11
539,Notting Hill,Yes,2020-08-11
540,Rashomon,,2020-08-13
541,Ritual in Transfigured Time,,2020-08-19
542,At Land,Yes,2020-08-19
543,Meshes of the Afternoon,Yes,2020-08-19
544,Hunt for the Wilderpeople,Yes,2020-08-23
545,Harlan County U.S.A.,,2020-08-23
546,Ella Enchanted,,2020-08-24
547,Daisies,,2020-08-25
548,Being John Malkovich,,2020-08-27
549,Miss Congeniality,,2020-08-29
550,Crawl,,2020-08-29
551,Lars and the Real Girl,Yes,2020-08-30
552,"Jeanne Dielman, 23, Quai du Commerce 1080 Bruxelles",,2020-08-30
553,RoboCop,,2020-08-31
554,Showgirls,,2020-09-02
555,Caddyshack,Yes,2020-09-03
556,Take Shelter,Yes,2020-09-05
557,I'm Thinking of Ending Things,,2020-09-06
558,Boys State,,2020-09-07
559,Minding the Gap,Yes,2020-09-10
560,Pather Panchali,,2020-09-15
561,The Vast of Night,,2020-09-16
562,Blow the Man Down,,2020-09-20
563,Bad Education,,2020-09-21
564,Shirley,,2020-09-22
565,The Way Back,,2020-09-23
566,Out of Sight,Yes,2020-09-26
567,The Bling Ring,,2020-09-26
568,Back to the Future,Yes,2020-09-27
569,The Invisible Man,,2020-09-28
570,Big Night,,2020-09-29
571,Cinema Paradiso,,2020-09-30
572,The Painter and the Thief,,2020-10-01
573,Dick Johnson Is Dead,,2020-10-02
574,Close Encounters of the Third Kind,Yes,2020-10-03
575,Bacurau,,2020-10-05
576,The Secret of Roan Inish,,2020-10-05
577,Peeping Tom,Yes,2020-10-06
578,Doctor Sleep,,2020-10-08
579,Who Framed Roger Rabbit,Yes,2020-10-08
580,The Usual Suspects,Yes,2020-10-09
581,The Shining,Yes,2020-10-10
582,Amadeus,Yes,2020-10-11
583,Bridesmaids,Yes,2020-10-12
584,Never Rarely Sometimes Always,,2020-10-12
585,Babyteeth,,2020-10-13
586,Greyhound,,2020-10-14
587,The Last House on the Left,,2020-10-15
588,Alien,Yes,2020-10-16
589,Ace Ventura: When Nature Calls,Yes,2020-10-17
590,Night of the Living Dead,Yes,2020-10-18
591,David Byrne's American Utopia,,2020-10-18
592,Spider-Man: Homecoming,Yes,2020-10-19
593,Ghostbusters,Yes,2020-10-20
594,World of Tomorrow Episode Two: The Burden of Other People's Thoughts,,2020-10-21
595,Relic,,2020-10-21
596,World of Tomorrow Episode Two: The Burden of Other People's Thoughts,Yes,2020-10-22
597,First Cow,,2020-10-23
598,Borat Subsequent Moviefilm,,2020-10-24
599,Fifty Shades of Grey,Yes,2020-10-25
600,Prometheus,Yes,2020-10-26
601,World of Tomorrow Episode Three: The Absent Destinations of David Prime,,2020-10-26
602,Time,,2020-10-26
603,Shithouse,,2020-10-27
604,Bad Hair,,2020-10-28
605,World of Tomorrow Episode Three: The Absent Destinations of David Prime,Yes,2020-10-28
606,Blade Runner,Yes,2020-10-29
607,The Dawn Wall,,2020-10-31
608,Halloween,Yes,2020-11-01
609,Host,,2020-11-02
610,Fifty Shades Darker,,2020-11-02
611,Alien³,,2020-11-04
612,Alien: Covenant,Yes,2020-11-05
613,Nausicaä of the Valley of the Wind,Yes,2020-11-06
614,Quantum of Solace,,2020-11-07
615,The Umbrellas of Cherbourg,Yes,2020-11-08
616,Moneyball,Yes,2020-11-09
617,Woman in the Dunes,,2020-11-09
618,All That Jazz,,2020-11-10
619,Possessor,,2020-11-11
620,Touch of Evil,,2020-11-11
621,Doctor Strange,Yes,2020-11-12
622,Eternal Sunshine of the Spotless Mind,Yes,2020-11-13
623,Predator,Yes,2020-11-14
624,The Other Guys,Yes,2020-11-15
625,Rebecca,,2020-11-15
626,Brave,,2020-11-16
627,The Cremator,,2020-11-16
628,Safety Not Guaranteed,,2020-11-16
629,The New World,,2020-11-17
630,PlayTime,,2020-11-18
631,Arrival,Yes,2020-11-19
632,Popstar: Never Stop Never Stopping,,2020-11-20
633,Se7en,Yes,2020-11-21
634,Indiana Jones and the Kingdom of the Crystal Skull,Yes,2020-11-22
635,Austin Powers: International Man of Mystery,,2020-11-23
636,In the Mood for Love,,2020-11-23
637,A Matter of Life and Death,Yes,2020-11-24
638,The Graduate,Yes,2020-11-25
639,"Planes, Trains and Automobiles",Yes,2020-11-26
640,Lovers Rock,,2020-11-27
641,Once,Yes,2020-11-28
642,Harakiri,,2020-11-29
643,About Time,,2020-11-29
644,Emma.,,2020-11-30
645,A.I. Artificial Intelligence,,2020-11-30
646,Paterson,Yes,2020-12-01
647,Underwater,,2020-12-02
648,Sound of Metal,,2020-12-03
649,Butch Cassidy and the Sundance Kid,Yes,2020-12-05
650,Mangrove,,2020-12-06
651,"Red, White and Blue",,2020-12-06
652,Hot Fuzz,Yes,2020-12-06
653,Palm Springs,Yes,2020-12-06
654,His House,,2020-12-08
655,The Nest,,2020-12-08
656,Nomadland,,2020-12-09
657,She Dies Tomorrow,,2020-12-10
658,Beanpole,,2020-12-12
659,Wolfwalkers,,2020-12-13
660,I'm Your Woman,,2020-12-14
661,Alex Wheatle,,2020-12-14
662,"Yes, God, Yes",,2020-12-14
663,Minari,,2020-12-16
664,Citizen Kane,Yes,2020-12-17
665,Lovers Rock,Yes,2020-12-17
666,Ma Rainey's Black Bottom,,2020-12-19
667,The Trial of the Chicago 7,,2020-12-21
668,Mank,,2020-12-22
669,Education,,2020-12-23
670,Burrow,,2020-12-26
671,Purl,,2020-12-26
672,Kitbull,,2020-12-26
673,Bao,Yes,2020-12-26
674,Float,,2020-12-26
675,The Present,Yes,2020-12-26
676,Soul,,2020-12-26
677,Wonder Woman 1984,,2020-12-28
678,Meet Me in St. Louis,Yes,2020-12-29
679,Another Round,,2020-12-30
680,Dan in Real Life,Yes,2020-12-31
681,Toy Story 2,Yes,2021-01-01
682,The Lord of the Rings: The Fellowship of the Ring,Yes,2021-01-01
683,The Lord of the Rings: The Two Towers,Yes,2021-01-02
684,Kajillionaire,,2021-01-02
685,The Platform,,2021-01-03
686,The Lord of the Rings: The Return of the King,Yes,2021-01-04
687,"Bloody Nose, Empty Pockets",,2021-01-06
688,Birds of Prey (and the Fantabulous Emancipation of One Harley Quinn),,2021-01-06
689,Young Ahmed,,2021-01-07
690,Phantom Thread,Yes,2021-01-07
691,The Trip,,2021-01-08
692,Sputnik,,2021-01-10
693,East Side Sushi,,2021-01-10
694,Aquaman,,2021-01-11
695,X-Men: First Class,Yes,2021-01-12
696,Knocked Up,,2021-01-13
697,X-Men: Days of Future Past,Yes,2021-01-15
698,Baby Driver,Yes,2021-01-16
699,The Lady Eve,,2021-01-17
700,Tenet,,2021-01-17
701,The Searchers,,2021-01-18
702,One Night in Miami...,,2021-01-18
703,Once Upon a Time in the West,,2021-01-19
704,Twilight,,2021-01-19
705,Forgetting Sarah Marshall,,2021-01-20
706,The Assassination of Jesse James by the Coward Robert Ford,,2021-01-21
707,Ant-Man,,2021-01-23
708,Leviathan,,2021-01-24
709,Ant-Man and the Wasp,,2021-01-25
710,The Kid with a Bike,,2021-01-26
711,Blood Simple,,2021-01-26
712,Captain Marvel,Yes,2021-01-26
713,Thor: The Dark World,,2021-01-29
714,Ad Astra,Yes,2021-01-30
715,Three Colors: Blue,,2021-01-31
716,Secrets & Lies,,2021-02-01
717,Groundhog Day,Yes,2021-02-02
718,Avengers: Infinity War,Yes,2021-02-02
719,"Two Days, One Night",,2021-02-03
720,Dazed and Confused,,2021-02-04
721,All the President's Men,,2021-02-05
722,School of Rock,Yes,2021-02-06
723,Certified Copy,,2021-02-08
724,Once Upon a Time in Anatolia,,2021-02-09
725,Set It Up,,2021-02-14
726,Dog Day Afternoon,,2021-02-15
727,Bicycle Thieves,,2021-02-18
728,The Emperor's New Groove,,2021-02-18
729,Butch Cassidy and the Sundance Kid,Yes,2021-02-19
730,The Sacrifice,,2021-02-22
731,The Devils,,2021-02-23
732,All This Panic,,2021-02-24
733,Lone Star,Yes,2021-02-26
734,Dirty Dancing,,2021-02-28
735,21 Jump Street,Yes,2021-03-01
736,The Straight Story,,2021-03-05
737,Ran,,2021-03-07
738,Monty Python and the Holy Grail,Yes,2021-03-08
739,Rosemary's Baby,Yes,2021-03-10
740,Unforgiven,Yes,2021-03-12
741,Judas and the Black Messiah,,2021-03-14
742,Taxi Driver,Yes,2021-03-16
743,City Slickers,Yes,2021-03-18
744,Le Bonheur,,2021-03-20
745,Godzilla,,2021-03-21
746,My Octopus Teacher,,2021-03-23
747,Network,,2021-03-23
748,Nomadland,Yes,2021-03-28
749,Bad Trip,,2021-03-29
750,Coming Out,,2021-03-31
751,A Concerto Is a Conversation,,2021-04-02
752,Godzilla,Yes,2021-04-04
753,Godzilla: King of the Monsters,,2021-04-05
754,Kong: Skull Island,Yes,2021-04-06
755,Detour,,2021-04-07
756,Godzilla vs. Kong,,2021-04-09
757,Barb & Star Go to Vista Del Mar,,2021-04-13
758,A New Leaf,,2021-04-14
759,Big Night,Yes,2021-04-16
760,"I Love You, Man",,2021-04-18
761,Promising Young Woman,,2021-04-18
762,Man of Steel,Yes,2021-04-19
763,Where Is My Friend's House?,,2021-04-20
764,The Beach Bum,,2021-04-21
765,Beau Travail,,2021-04-22
766,The Life Ahead,,2021-04-23
767,The Sting,Yes,2021-04-24
768,"Quo vadis, Aida?",,2021-04-26
769,Memories of Murder,,2021-04-27
770,The Man Who Would Be King,,2021-04-30
771,Derek DelGaudio's In & of Itself,,2021-04-30
772,Mother,,2021-05-01
773,Pulse,,2021-05-02
774,Manhattan,,2021-05-03
775,WandaVision,,2021-05-03
776,The Blair Witch Project,Yes,2021-05-04
777,Meru,Yes,2021-05-05
778,Trainwreck,Yes,2021-05-06
779,Mean Girls,Yes,2021-05-07
780,Avengers: Endgame,Yes,2021-05-10
781,The Dawn Wall,Yes,2021-05-11
782,Star Wars,Yes,2021-05-12
783,Rear Window,Yes,2021-05-13
784,The Empire Strikes Back,Yes,2021-05-15
785,Bowfinger,,2021-05-17
786,The Departed,Yes,2021-05-19
787,Return of the Jedi,Yes,2021-05-20
788,Fitzcarraldo,,2021-05-21
789,Batman v Superman: Dawn of Justice,Yes,2021-05-22
790,The Great Dictator,,2021-05-23
791,Mad Max: Fury Road,Yes,2021-05-24
792,Apocalypse Now,Yes,2021-05-27
793,Win Win,,2021-05-28
794,Saint Maud,,2021-05-29
795,Unstoppable,,2021-05-29
796,Collateral,,2021-05-29
797,The Taking of Pelham One Two Three,,2021-05-30
798,Speed,,2021-05-30
799,Coherence,,2021-05-30
800,Greenland,,2021-05-31
801,Amélie,Yes,2021-06-01
802,A Quiet Place,Yes,2021-06-01
803,Once Upon a Time… in Hollywood,Yes,2021-06-02
804,Heat,Yes,2021-06-03
805,The Matrix,Yes,2021-06-04
806,Casablanca,Yes,2021-06-05
807,The Wolf of Wall Street,Yes,2021-06-06
808,The Conjuring,Yes,2021-06-07
809,The Conjuring 2,,2021-06-07
810,Tenet,Yes,2021-06-07
811,The Conjuring: The Devil Made Me Do It,,2021-06-08
812,Lars and the Real Girl,Yes,2021-06-10
813,In the Heights,,2021-06-11
814,Training Day,,2021-06-12
815,Logan Lucky,Yes,2021-06-15
816,Reservoir Dogs,Yes,2021-06-17
817,The Nice Guys,Yes,2021-06-18
818,The Avengers,Yes,2021-06-21
819,Magic Mike,Yes,2021-06-22
820,M,Yes,2021-06-23
821,The Fast and the Furious,,2021-06-24
822,2 Fast 2 Furious,,2021-06-24
823,The Fast and the Furious: Tokyo Drift,,2021-06-27
824,Fast & Furious,,2021-06-27
825,Fast Five,,2021-06-28
826,Fast & Furious 6,,2021-06-28
827,Furious 7,,2021-06-29
828,Hunger,,2021-06-29
829,The Fate of the Furious,,2021-06-30
830,Fast & Furious Presents: Hobbs & Shaw,,2021-07-03
831,The Shining,Yes,2021-07-04
832,F9,,2021-07-05
833,Hard Eight,,2021-07-07
834,Boogie Nights,Yes,2021-07-08
835,Dave Chappelle: The Kennedy Center Mark Twain Prize,,2021-07-17
836,Signs,,2021-07-27
837,Unbreakable,,2021-07-28
838,The Green Knight,,2021-07-30
839,Deep Cover,,2021-08-01
840,The Happening,,2021-08-01
841,The Empty Man,,2021-08-01
842,Videodrome,,2021-08-02
843,The Insider,,2021-08-03
844,Ferris Bueller's Day Off,Yes,2021-08-08
845,Pig,,2021-08-10
846,Pig,Yes,2021-08-11
847,An American Rhapsody,,2021-08-14
848,Loki,,2021-08-16
849,Zack Snyder's Justice League,,2021-08-21
850,Aquaman,Yes,2021-08-22
851,The Sound of Music,Yes,2021-08-22
852,In the Earth,,2021-08-22
853,Jurassic Park,Yes,2021-08-23
854,Shiva Baby,,2021-08-23
855,The Five-Year Engagement,,2021-08-29
856,In the Cut,,2021-08-29
857,Casino Royale,Yes,2021-09-02
858,Point Break,,2021-09-04
859,Miller's Crossing,Yes,2021-09-05
860,Mission: Impossible,Yes,2021-09-07
861,Raising Arizona,Yes,2021-09-12
862,Escape from New York,,2021-09-13
863,Malignant,,2021-09-15
864,Shang-Chi and the Legend of the Ten Rings,,2021-09-19
865,Sweetie,,2021-09-29
866,Animal House,Yes,2021-10-04
867,Raw,Yes,2021-10-06
868,Titane,,2021-10-06
869,GoldenEye,Yes,2021-10-09
870,Spectre,Yes,2021-10-10
871,No Time to Die,,2021-10-10
872,The Ritual,,2021-10-15
873,Dave Chappelle: The Closer,,2021-10-17
874,A Nightmare on Elm Street,Yes,2021-10-18
875,Dune,,2021-10-22
876,The Strangers,,2021-10-26
877,Trick 'r Treat,,2021-10-27
878,An Angel at My Table,,2021-10-27
879,The Piano,,2021-11-01
880,Luca,,2021-11-03
881,The French Dispatch,,2021-11-07
882,Bo Burnham: Inside,,2021-11-07
883,Spencer,,2021-11-08
884,Bright Star,,2021-11-15
885,Shrek,Yes,2021-11-16
886,Passing,,2021-11-17
887,Babette's Feast,Yes,2021-11-20
888,Pig,Yes,2021-11-20
889,The Princess Diaries,,2021-11-21
890,The Princess Diaries 2: Royal Engagement,,2021-11-21
891,Breaking the Waves,,2021-11-22
892,The Power of the Dog,,2021-11-23
893,The Green Knight,Yes,2021-11-24
894,The Godfather,Yes,2021-11-26
895,True Grit,Yes,2021-11-28
896,"tick, tick...BOOM!",,2021-12-04
897,The Tree of Life,Yes,2021-12-12
898,The Rescue,,2021-12-19
899,Spider-Man: Far From Home,,2021-12-20
900,Spider-Man 3,,2021-12-21
901,The Last Duel,,2021-12-22
902,West Side Story,,2021-12-25
903,Shang-Chi and the Legend of the Ten Rings,Yes,2021-12-26
904,Riders of Justice,,2021-12-27
905,The Resort,,2021-12-28
906,The Amazing Spider-Man,,2021-12-28
907,The Amazing Spider-Man 2,,2021-12-29
908,Black Widow,,2022-01-01
909,Spider-Man: No Way Home,,2022-01-01
910,Procession,,2022-01-02
911,Annette,,2022-01-02
912,"Summer of Soul (...or, When the Revolution Could Not Be Televised)",,2022-01-04
913,My Cousin Vinny,Yes,2022-01-07
914,Censor,,2022-01-07
915,Zola,,2022-01-07
916,In the Heat of the Night,,2022-01-08
917,Licorice Pizza,,2022-01-09
918,The Killing of Two Lovers,,2022-01-09
919,The Matrix Reloaded,,2022-01-11
920,"All Light, Everywhere",,2022-01-12
921,About Endlessness,,2022-01-13
922,The Matrix Revolutions,,2022-01-14
923,The Matrix Resurrections,,2022-01-15
924,The Tragedy of Macbeth,,2022-01-16
925,Don't Look Up,,2022-01-17
926,Drive My Car,,2022-01-18
927,I Saw the Devil,,2022-01-19
928,Martyrs,,2022-01-22
929,A Hero,,2022-01-22
930,Parasite,Yes,2022-01-23
931,Panic Room,,2022-01-24
932,Heat,Yes,2022-01-25
933,Yi Yi,,2022-01-26
934,The Worst Person in the World,,2022-01-28
935,Fight Club,Yes,2022-01-29
936,CODA,,2022-01-29
937,My Big Fat Greek Wedding,,2022-01-30
938,Jackass: The Movie,,2022-02-03
939,Jackass Number Two,,2022-02-03
940,Jackass 3D,,2022-02-04
941,The Conversation,,2022-02-05
942,Jackass 3.5,,2022-02-06
943,Avatar,Yes,2022-02-07
944,Popstar: Never Stop Never Stopping,Yes,2022-02-08
945,Identifying Features,,2022-02-09
946,Dune,Yes,2022-02-12
947,The Hurt Locker,Yes,2022-02-13
948,Kimi,,2022-02-16
949,Texas Chainsaw Massacre,,2022-02-19
950,The Texas Chainsaw Massacre,,2022-02-19
951,Much Ado About Nothing,,2022-02-20
952,The Texas Chainsaw Massacre: The Beginning,,2022-02-21
953,Blackhat,,2022-02-25
954,One Week,,2022-02-26
955,The Scarecrow,,2022-02-26
956,The Play House,,2022-02-26
957,The Texas Chain Saw Massacre,Yes,2022-02-26
958,Cops,,2022-02-27
959,Mean Streets,,2022-02-28
960,Texas Chainsaw 3D,,2022-03-01
961,Paper Moon,,2022-03-02
962,Dr. Strangelove or: How I Learned to Stop Worrying and Love the Bomb,Yes,2022-03-04
963,Columbus,,2022-03-06
964,The Batman,,2022-03-07
965,The Ascent,,2022-03-09
966,Below Zero,,2022-03-11
967,Free Guy,,2022-03-12
968,Popstar: Never Stop Never Stopping,Yes,2022-03-13
969,After We Fell,,2022-03-13
970,The Prince of Egypt,,2022-03-14
971,Nightmare Alley,,2022-03-21
972,The Power of the Dog,Yes,2022-03-23
973,The Evil Dead,Yes,2022-03-25
974,Everything Everywhere All at Once,,2022-04-10
975,The Lost World: Jurassic Park,Yes,2022-04-10
976,Mulholland Drive,Yes,2022-04-11
977,Jurassic Park III,Yes,2022-04-13
978,Jurassic World,Yes,2022-04-15
979,Paths of Glory,Yes,2022-04-16
980,Jurassic World: Fallen Kingdom,,2022-04-17
981,Army of Darkness,,2022-04-20
982,Harry Potter and the Philosopher's Stone,Yes,2022-04-23
983,Harry Potter and the Chamber of Secrets,Yes,2022-04-25
984,Harry Potter and the Prisoner of Azkaban,Yes,2022-04-27
985,Harry Potter and the Goblet of Fire,Yes,2022-04-29
986,Harry Potter and the Order of the Phoenix,Yes,2022-04-29
987,Harry Potter and the Half-Blood Prince,Yes,2022-04-30
988,Harry Potter and the Deathly Hallows: Part 1,Yes,2022-04-30
989,Harry Potter and the Deathly Hallows: Part 2,Yes,2022-05-01
990,Dinosaur,Yes,2022-05-01
991,Pirates of the Caribbean: The Curse of the Black Pearl,Yes,2022-05-02
992,Inland Empire,,2022-05-03
993,Pirates of the Caribbean: Dead Man's Chest,Yes,2022-05-04
994,Pirates of the Caribbean: At World's End,Yes,2022-05-05
995,Pirates of the Caribbean: On Stranger Tides,,2022-05-06
996,Barb & Star Go to Vista Del Mar,Yes,2022-05-16
997,Caddyshack,Yes,2022-05-18
998,Drag Me to Hell,,2022-05-19
999,The Brood,,2022-05-20
1000,Scanners,,2022-05-21
1001,Pirates of the Caribbean: Dead Men Tell No Tales,,2022-05-22
1002,The Straight Story,Yes,2022-05-23
1003,Constantine,,2022-05-23
1004,Old,,2022-05-25
1005,The VelociPastor,,2022-05-29
1006,Top Gun,Yes,2022-05-30
1007,Top Gun: Maverick,,2022-05-30
1008,Rabid,,2022-06-02
1009,The Dead Zone,,2022-06-03
1010,The Iron Giant,Yes,2022-06-04
1011,Titanic,Yes,2022-06-05
1012,Dead Ringers,,2022-06-06
1013,The Right Stuff,,2022-06-06
1014,Mission: Impossible - Ghost Protocol,Yes,2022-06-07
1015,Crash,,2022-06-08
1016,Mission: Impossible II,,2022-06-08
1017,The Son,,2022-06-11
1018,Mission: Impossible III,Yes,2022-06-12
1019,Mission: Impossible - Rogue Nation,Yes,2022-06-13
1020,Mission: Impossible - Fallout,Yes,2022-06-13
1021,The Unknown Girl,,2022-06-14
1022,Sicario,Yes,2022-06-15
1023,Paths of Glory,Yes,2022-06-18
1024,Big Night,Yes,2022-06-18
1025,Anchorman: The Legend of Ron Burgundy,Yes,2022-06-19
1026,Ford v Ferrari,Yes,2022-06-20
1027,A Moment of Innocence,,2022-06-21
1028,RRR,,2022-06-21
1029,Pride & Prejudice,,2022-06-22
1030,Stand by Me,Yes,2022-06-23
1031,Saturday Night Fever,Yes,2022-06-24
1032,The Straight Story,Yes,2022-06-25
1033,Doctor Strange in the Multiverse of Madness,,2022-06-27
1034,Miami Vice,,2022-06-28
1035,After Yang,,2022-07-01
1036,Funny Farm,Yes,2022-07-02
1037,Memoria,,2022-07-02
1038,Die Hard,Yes,2022-07-03
1039,Invasion of the Body Snatchers,,2022-07-06
1040,Diabolique,,2022-07-08
1041,Raiders of the Lost Ark,Yes,2022-07-09
1042,Indiana Jones and the Last Crusade,Yes,2022-07-10
1043,"South Park: Bigger, Longer & Uncut",Yes,2022-07-17
1044,The Long Goodbye,,2022-07-18
1045,California Split,,2022-07-19
1046,The Counselor,,2022-07-19
1047,The Handmaiden,,2022-07-20
1048,Thor: Love and Thunder,,2022-07-20
1049,White Chicks,,2022-07-21
1050,Nope,,2022-07-23
1051,Solaris,,2022-07-27
1052,Irma Vep,,2022-07-28
1053,The Grey,,2022-07-28
1054,The Card Counter,,2022-07-29
1055,Eternals,,2022-07-30
1056,Double Indemnity,Yes,2022-08-02
1057,Hairspray,,2022-08-07
1058,Pretty Woman,,2022-08-07
1059,Legally Blonde,,2022-08-08
1060,Prey,,2022-08-09
1061,Turning Red,,2022-08-12
1062,Us,Yes,2022-08-15
1063,Pitch Perfect,Yes,2022-08-16
1064,Shrek 2,Yes,2022-08-17
1065,The Rover,,2022-08-18
1066,Lawrence of Arabia,Yes,2022-08-19
1067,AVP: Alien vs. Predator,,2022-08-20
1068,Predators,Yes,2022-08-22
1069,Predator 2,,2022-08-24
1070,"I Love You, Man",Yes,2022-08-26
1071,The Predator,,2022-08-27
1072,Aliens vs Predator: Requiem,Yes,2022-08-28
1073,Birth,,2022-08-29
1074,Fire of Love,,2022-08-29
1075,AVP: Alien vs. Predator,Yes,2022-08-30
1076,Clueless,Yes,2022-08-31
1077,Under the Skin,Yes,2022-09-01
1078,The Twilight Saga: New Moon,,2022-09-02
1079,Godzilla,Yes,2022-09-04
1080,The Twilight Saga: Eclipse,,2022-09-05
1081,The Twilight Saga: Breaking Dawn - Part 1,,2022-09-06
1082,The Twilight Saga: Breaking Dawn - Part 2,,2022-09-06
1083,Godzilla vs. Kong,Yes,2022-09-11
