Position,Name,Year,URL,Description
1,12 Angry Men,1957,https://boxd.it/2auI,#591
2,12 Years a Slave,2013,https://boxd.it/2D2e,
3,1917,2019,https://boxd.it/jj4y,
4,2001: A Space Odyssey,1968,https://boxd.it/2bf0,
5,The 39 Steps,1935,https://boxd.it/2aKc,#56
6,"4 Months, 3 Weeks and 2 Days",2007,https://boxd.it/27DW,#958
7,8½,1963,https://boxd.it/2aqm,#140
8,Ace in the Hole,1951,https://boxd.it/1vXk,#396
9,Ad Astra,2019,https://boxd.it/ePzI,
10,After the Rehearsal,1984,https://boxd.it/XLO,
11,The Age of Innocence,1993,https://boxd.it/1WgM,#913
12,Agnès Varda: From Here to There,2011,https://boxd.it/6AG4,
13,Alien,1979,https://boxd.it/2awY,
14,All That Jazz,1979,https://boxd.it/1JB8,#724
15,All These Women,1964,https://boxd.it/3kGG,
16,American Beauty,1999,https://boxd.it/71Y,
17,American Hustle,2013,https://boxd.it/5dz8,
18,American Sniper,2014,https://boxd.it/5LDy,
19,Amélie,2001,https://boxd.it/2aUc,
20,Anatomy of a Murder,1959,https://boxd.it/2baa,#600
21,Andrei Rublev,1966,https://boxd.it/29lg,#34
22,Animal House,1978,https://boxd.it/2062,
23,Antichrist,2009,https://boxd.it/1Inu,#542
24,Aparajito,1956,https://boxd.it/29kW,#784
25,Apocalypse Now,1979,https://boxd.it/6ZS,
26,Apollo 13,1995,https://boxd.it/2a6G,
27,Aquaman,2018,https://boxd.it/9ru0,
28,Arrival,2016,https://boxd.it/aNGk,
29,The Artist,2011,https://boxd.it/2AwK,
30,The Ascent,1977,https://boxd.it/Eew,#1063
31,Autumn Sonata,1978,https://boxd.it/1Rio,#60 : Bergman Box
32,Avatar,2009,https://boxd.it/1Efm,
33,The Avengers,2012,https://boxd.it/1xFW,
34,The Aviator,2004,https://boxd.it/26BU,
35,Babette's Feast,1987,https://boxd.it/1SYU,#665
36,Barry Lyndon,1975,https://boxd.it/25A2,#897
37,Batman,1989,https://boxd.it/2aIU,
38,The Batman,2022,https://boxd.it/eDGs,
39,The Beaches of Agnès,2008,https://boxd.it/14Y6,
40,Beetlejuice,1988,https://boxd.it/24QI,
41,Before Midnight,2013,https://boxd.it/4ive,#856
42,Before Sunrise,1995,https://boxd.it/2bcU,#856
43,Before Sunset,2004,https://boxd.it/2bcg,#856
44,Being There,1979,https://boxd.it/1WxS,
45,The Big City,1963,https://boxd.it/fI2,#668
46,Birdman or (The Unexpected Virtue of Ignorance),2014,https://boxd.it/5RFA,
47,The Birds,1963,https://boxd.it/2a6m,
48,Black Panthers,1968,https://boxd.it/4BCe,
49,The Black Stallion,1979,https://boxd.it/1IUy,#765
50,Blade Runner,1982,https://boxd.it/2bcA,
51,Blade Runner 2049,2017,https://boxd.it/b8wK,
52,Blow Out,1981,https://boxd.it/1TlE,#562
53,Blue Velvet,1986,https://boxd.it/29BI,#977
54,The Bourne Identity,2002,https://boxd.it/26EO,
55,The Bourne Supremacy,2004,https://boxd.it/26EE,
56,The Bourne Ultimatum,2007,https://boxd.it/26Eu,
57,Braveheart,1995,https://boxd.it/2aTI,
58,Brief Encounter,1945,https://boxd.it/29sm,#76
59,A Brighter Summer Day,1991,https://boxd.it/1Luy,#804
60,Brink of Life,1958,https://boxd.it/eXg,
61,Broadcast News,1987,https://boxd.it/1RxS,#552
62,The Cameraman,1928,https://boxd.it/1jag,#1033
63,Carnival of Souls,1962,https://boxd.it/1KQ4,#63
64,Casablanca,1942,https://boxd.it/2aG0,
65,Casino Royale,2006,https://boxd.it/1alk,
66,Certified Copy,2010,https://boxd.it/IMW,#612
67,Cinema Paradiso,1988,https://boxd.it/1UlA,
68,Citizen Kane,1941,https://boxd.it/71O,#1104
69,Close Encounters of the Third Kind,1977,https://boxd.it/29u8,
70,Cléo from 5 to 7,1962,https://boxd.it/2agm,#73: Varda Box
71,Cold Mountain,2003,https://boxd.it/270A,
72,Come and See,1985,https://boxd.it/1w9q,#1035
73,Constantine,2005,https://boxd.it/2a7E,
74,Crash,1996,https://boxd.it/29n2,#1059
75,The Creatures,1966,https://boxd.it/xxQ,
76,The Cremator,1969,https://boxd.it/1H8y,#1023
77,Cries and Whispers,1972,https://boxd.it/1WK8,#101: Bergman Box
78,Crisis,1946,https://boxd.it/1kGs,
79,Céline and Julie Go Boating,1974,https://boxd.it/1sGA,#1069
80,Daguerréotypes,1975,https://boxd.it/FxY,
81,The Dark Knight,2008,https://boxd.it/2b0k,
82,The Dark Knight Rises,2012,https://boxd.it/H3m,
83,Days of Heaven,1978,https://boxd.it/1JRg,#409
84,Dazed and Confused,1993,https://boxd.it/1Ylk,#336
85,Deep Cover,1992,https://boxd.it/1D5g,#1086
86,Dekalog,1989,https://boxd.it/bv4u,#837
87,The Departed,2006,https://boxd.it/28MA,
88,The Devil's Eye,1960,https://boxd.it/JaO,
89,Die Hard,1988,https://boxd.it/2a7u,
90,Dinosaur,2000,https://boxd.it/1VWi,
91,Django Unchained,2012,https://boxd.it/2cCk,
92,Do the Right Thing,1989,https://boxd.it/29gA,#97
93,Documenteur,1981,https://boxd.it/4VAs,
94,Don't Look Now,1973,https://boxd.it/29fC,#745
95,Double Indemnity,1944,https://boxd.it/297I,#1126
96,Dr. Strangelove or: How I Learned to Stop Worrying and Love the Bomb,1964,https://boxd.it/29eY,#821
97,Dreams,1955,https://boxd.it/3mqK,
98,Drive,2011,https://boxd.it/IG,
99,Dune,2021,https://boxd.it/fA7G,
100,Edge of Tomorrow,2014,https://boxd.it/4pD0,
101,The Empire Strikes Back,1980,https://boxd.it/27Vw,
102,The English Patient,1996,https://boxd.it/2arE,
103,Eraserhead,1977,https://boxd.it/299u,#725
104,Eternal Sunshine of the Spotless Mind,2004,https://boxd.it/6YK,
105,Eyes Wide Shut,1999,https://boxd.it/2axs,
106,A Face in the Crowd,1957,https://boxd.it/2lyc,#970
107,Faces Places,2017,https://boxd.it/g7ck,
108,Fanny and Alexander,1983,https://boxd.it/lXFe,#262 : Bergman Box
109,Fanny and Alexander,1982,https://boxd.it/22go,#263 : Bergman Box
110,Fantastic Mr. Fox,2009,https://boxd.it/1WyQ,#700
111,Fargo,1996,https://boxd.it/2aHM,
112,Fast Times at Ridgemont High,1982,https://boxd.it/1QnM,#1075
113,The Father,2020,https://boxd.it/m8Ie,
114,A Few Good Men,1992,https://boxd.it/29nw,
115,Fight Club,1999,https://boxd.it/2a9q,
116,The Firm,1993,https://boxd.it/18JY,
117,A Fish Called Wanda,1988,https://boxd.it/29YC,
118,The Fisher King,1991,https://boxd.it/2aWM,#764
119,A Fistful of Dollars,1964,https://boxd.it/2auo,
120,For All Mankind,1989,https://boxd.it/1Dvy,#54
121,Ford v Ferrari,2019,https://boxd.it/ce74,
122,Forrest Gump,1994,https://boxd.it/728,
123,Foxcatcher,2014,https://boxd.it/35Di,
124,The French Connection,1971,https://boxd.it/296g,
125,From the Life of the Marionettes,1980,https://boxd.it/XBO,
126,Fårö Document,1970,https://boxd.it/9GVg,
127,Fårö Document 1979,1979,https://boxd.it/3XDc,
128,Gladiator,2000,https://boxd.it/2b9m,
129,The Gleaners and I,2000,https://boxd.it/S6c,
130,The Gleaners and I: Two Years Later,2002,https://boxd.it/2Xok,
131,The Godfather,1972,https://boxd.it/2aNK,
132,The Godfather: Part II,1974,https://boxd.it/2aNq,
133,Godzilla,2014,https://boxd.it/47OE,
134,Godzilla vs. Kong,2021,https://boxd.it/e0qK,
135,Gone Girl,2014,https://boxd.it/6hQu,
136,GoodFellas,1990,https://boxd.it/29FA,
137,The Graduate,1967,https://boxd.it/18Im,#800
138,The Grand Budapest Hotel,2014,https://boxd.it/3ZqO,#1025
139,The Great Dictator,1940,https://boxd.it/29ic,#565
140,The Green Knight,2021,https://boxd.it/kuy2,
141,Hamlet,1964,https://boxd.it/2rhQ,
142,Harakiri,1962,https://boxd.it/1NTU,#302
143,Harry Potter and the Chamber of Secrets,2002,https://boxd.it/29QI,
144,Harry Potter and the Deathly Hallows: Part 1,2010,https://boxd.it/1RYu,
145,Harry Potter and the Deathly Hallows: Part 2,2011,https://boxd.it/1RYk,
146,Harry Potter and the Goblet of Fire,2005,https://boxd.it/29Qo,
147,Harry Potter and the Half-Blood Prince,2009,https://boxd.it/29FU,
148,Harry Potter and the Order of the Phoenix,2007,https://boxd.it/29Qe,
149,Harry Potter and the Philosopher's Stone,2001,https://boxd.it/29QS,
150,Harry Potter and the Prisoner of Azkaban,2004,https://boxd.it/29Qy,
151,Heat,1995,https://boxd.it/2bg8,
152,High and Low,1963,https://boxd.it/1RSc,#24
153,Hour of the Wolf,1968,https://boxd.it/1H9G,
154,Hunger,2008,https://boxd.it/1Wso,#504
155,The Hurt Locker,2008,https://boxd.it/1Soi,
156,The Ice Storm,1997,https://boxd.it/2c6I,#426
157,In a Lonely Place,1950,https://boxd.it/1JgO,#810
158,In Cold Blood,1967,https://boxd.it/1G62,
159,In the Mood for Love,2000,https://boxd.it/29tE,#147
160,Inception,2010,https://boxd.it/1skk,
161,Indiana Jones and the Kingdom of the Crystal Skull,2008,https://boxd.it/2aR8,
162,Indiana Jones and the Last Crusade,1989,https://boxd.it/2baO,
163,Indiana Jones and the Temple of Doom,1984,https://boxd.it/2bb8,
164,Inglourious Basterds,2009,https://boxd.it/1JzG,
165,The Innocents,1961,https://boxd.it/1KeY,#727
166,Interstellar,2014,https://boxd.it/4VZ8,
167,The Iron Giant,1999,https://boxd.it/1Wow,
168,Iron Man,2008,https://boxd.it/28dA,
169,Iron Man 2,2010,https://boxd.it/1WZM,
170,It Happened One Night,1934,https://boxd.it/25Ng,#736
171,Ivan's Childhood,1962,https://boxd.it/1j6y,#397
172,Jacquot,1991,https://boxd.it/YwA,
173,Jane B. by Agnès V.,1988,https://boxd.it/xxw,
174,"Jeanne Dielman, 23, Quai du Commerce 1080 Bruxelles",1975,https://boxd.it/T18,#484
175,Jour de fête,1949,https://boxd.it/243Q,#730
176,The Kid with a Bike,2011,https://boxd.it/5Xc,#646
177,The Killing,1956,https://boxd.it/2aMi,#575
178,Kung-Fu Master!,1988,https://boxd.it/KKI,
179,L.A. Confidential,1997,https://boxd.it/27oC,
180,La La Land,2016,https://boxd.it/a5fa,
181,La Notte,1961,https://boxd.it/10iU,#678
182,La Pointe-Courte,1955,https://boxd.it/ui4,#419: Varda Box
183,The Lady Eve,1941,https://boxd.it/25LY,#103
184,The Last Temptation of Christ,1988,https://boxd.it/1ULe,#70
185,Last Year at Marienbad,1961,https://boxd.it/24Qe,#478
186,Lawrence of Arabia,1962,https://boxd.it/2wRE,
187,Le Bonheur,1965,https://boxd.it/xyk,#420: Varda Box
188,A Lesson in Love,1954,https://boxd.it/do,
189,The Life and Death of Colonel Blimp,1943,https://boxd.it/1wwk,#173
190,The Life Aquatic with Steve Zissou,2004,https://boxd.it/2aqw,#300
191,"Life, and Nothing More...",1992,https://boxd.it/2WEc,#991
192,Lions Love,1969,https://boxd.it/988,
193,Little Women,2019,https://boxd.it/aSVk,
194,The Lord of the Rings: The Fellowship of the Ring,2001,https://boxd.it/2b5O,
195,The Lord of the Rings: The Return of the King,2003,https://boxd.it/2b5u,
196,The Lord of the Rings: The Two Towers,2002,https://boxd.it/2b5E,
197,M,1931,https://boxd.it/29vq,#30
198,Mad Max: Fury Road,2015,https://boxd.it/2DjO,
199,The Magic Flute,1975,https://boxd.it/QUa,#71 : Bergman Box
200,The Magician,1958,https://boxd.it/1nse,#537 : Bergman Box
201,Make Way for Tomorrow,1937,https://boxd.it/10hC,#505
202,A Man Escaped,1956,https://boxd.it/1MzY,#650
203,Marriage Story,2019,https://boxd.it/hJAw,#1038
204,The Martian,2015,https://boxd.it/8SeG,
205,The Matrix,1999,https://boxd.it/2a1m,
206,A Matter of Life and Death,1946,https://boxd.it/1q6K,#939
207,McCabe & Mrs. Miller,1971,https://boxd.it/1ooC,#827
208,Mean Girls,2004,https://boxd.it/1VNg,
209,The Meaning of Life,1983,https://boxd.it/249E,
210,Memories of Murder,2003,https://boxd.it/1TSo,#1073
211,Miami Vice,2006,https://boxd.it/2bbW,
212,Midnight Cowboy,1969,https://boxd.it/25Hi,
213,Miller's Crossing,1990,https://boxd.it/2avG,
214,Minding the Gap,2018,https://boxd.it/hDNu,#1061
215,Minority Report,2002,https://boxd.it/2aWi,
216,Miracle Mile,1988,https://boxd.it/1x68,
217,Mirror,1975,https://boxd.it/28Q8,#1084
218,Mishima: A Life in Four Chapters,1985,https://boxd.it/1sBA,#432
219,Mission: Impossible - Fallout,2018,https://boxd.it/bSVc,
220,Mississippi Masala,1991,https://boxd.it/Ywg,#1127
221,Modern Times,1936,https://boxd.it/25MC,#543
222,Mon Oncle,1958,https://boxd.it/2apy,#111
223,Monsieur Hulot's Holiday,1953,https://boxd.it/29E8,#110
224,Moonrise Kingdom,2012,https://boxd.it/2Wng,#776
225,Much Ado About Nothing,1993,https://boxd.it/1SDM,
226,Mulholland Drive,2001,https://boxd.it/297o,#779
227,Mur Murs,1981,https://boxd.it/6MpE,
228,My Neighbor Totoro,1988,https://boxd.it/20eA,
229,Mystic River,2003,https://boxd.it/2aAG,
230,Naked,1993,https://boxd.it/1BT4,#307
231,Nashville,1975,https://boxd.it/25GE,#683
232,The New World,2005,https://boxd.it/1TVW,#826
233,The Night of the Hunter,1955,https://boxd.it/25HW,#541
234,No Country for Old Men,2007,https://boxd.it/21ew,
235,Notorious,1946,https://boxd.it/2aDK,#137
236,Once Upon a Time in America,1984,https://boxd.it/2aCs,
237,Once Upon a Time… in Hollywood,2019,https://boxd.it/gH0O,
238,One Hundred and One Nights,1995,https://boxd.it/3iuI,
239,"One Sings, the Other Doesn't",1977,https://boxd.it/98s,#978: Varda Box
240,Only Angels Have Wings,1939,https://boxd.it/Ttw,#806
241,Ordet,1955,https://boxd.it/Jiy,#126
242,Original Cast Album: Company,1970,https://boxd.it/3rPU,#1090
243,Parade,1974,https://boxd.it/jSq,#731
244,The Parallax View,1974,https://boxd.it/1ILG,#1064
245,Parasite,2019,https://boxd.it/hTha,#1054
246,"Paris, Texas",1984,https://boxd.it/29Ts,#501
247,The Passion of Anna,1969,https://boxd.it/Wus,
248,The Passion of the Christ,2004,https://boxd.it/29ZK,
249,Pather Panchali,1955,https://boxd.it/22yC,#783
250,Paths of Glory,1957,https://boxd.it/29b6,#538
251,Persona,1966,https://boxd.it/29B4,#701 : Bergman Box
252,The Piano,1993,https://boxd.it/29Kq,#1110
253,Pig,2021,https://boxd.it/nzoW,
254,Platoon,1986,https://boxd.it/29BS,
255,The Player,1992,https://boxd.it/1WlM,#812
256,PlayTime,1967,https://boxd.it/1WLK,#112
257,Point Break,1991,https://boxd.it/2958,
258,Popstar: Never Stop Never Stopping,2016,https://boxd.it/blDa,
259,Port of Call,1948,https://boxd.it/C40,
260,Portrait of a Lady on Fire,2019,https://boxd.it/jkPq,#1034
261,Possession,1981,https://boxd.it/1BPm,
262,Predators,2010,https://boxd.it/1d9m,
263,The Princess Bride,1987,https://boxd.it/26EY,#948
264,Psycho,1960,https://boxd.it/2ab2,
265,Pulp Fiction,1994,https://boxd.it/29Pq,
266,Punch-Drunk Love,2002,https://boxd.it/20E4,#843
267,Raging Bull,1980,https://boxd.it/28yI,
268,Raiders of the Lost Ark,1981,https://boxd.it/2bbs,
269,Rear Window,1954,https://boxd.it/2a6Q,
270,Rebecca,1940,https://boxd.it/2aQa,#135
271,The Red Shoes,1948,https://boxd.it/1EXI,#44 : 4K UHD
272,Reservoir Dogs,1992,https://boxd.it/2agc,
273,Return of the Jedi,1983,https://boxd.it/27Vm,
274,Rififi,1955,https://boxd.it/29f8,#115
275,The Rite,1969,https://boxd.it/4vw,
276,Romancing the Stone,1984,https://boxd.it/1YXS,
277,Rosemary's Baby,1968,https://boxd.it/29zM,#630
278,Rumble Fish,1983,https://boxd.it/2aOI,#869
279,Rushmore,1998,https://boxd.it/1TAO,#65
280,Saraband,2003,https://boxd.it/rkw,
281,Satantango,1994,https://boxd.it/1j9M,
282,Saturday Night Fever,1977,https://boxd.it/1URQ,
283,Saving Private Ryan,1998,https://boxd.it/29ro,
284,Sawdust and Tinsel,1953,https://boxd.it/K1S,#412 : Bergman Box
285,Scenes from a Marriage,1973,https://boxd.it/rx6u,#229 : Bergman Box
286,Scenes from a Marriage,1974,https://boxd.it/4kJC,#229 : Bergman Box
287,Se7en,1995,https://boxd.it/29zs,
288,Secrets & Lies,1996,https://boxd.it/1UuC,#1070
289,The Serpent's Egg,1977,https://boxd.it/KDs,
290,Seven Samurai,1954,https://boxd.it/2axi,#2
291,The Seventh Seal,1957,https://boxd.it/2ahO,#11 : Blu-ray & Bergman Box
292,Shame,1968,https://boxd.it/1tZo,#961 : Bergman Box
293,Shaun of the Dead,2004,https://boxd.it/29J8,
294,The Shining,1980,https://boxd.it/29Nu,
295,A Ship to India,1947,https://boxd.it/3AY2,
296,The Silence,1963,https://boxd.it/1TH6,#211 : Bergman Box
297,The Silence of the Lambs,1991,https://boxd.it/2aHW,#13
298,Silver Linings Playbook,2012,https://boxd.it/2TTo,
299,Singin' in the Rain,1952,https://boxd.it/29oY,
300,The Sixth Sense,1999,https://boxd.it/29Js,
301,Smiles of a Summer Night,1955,https://boxd.it/1TcM,#237 : Bergman Box
302,Solaris,1972,https://boxd.it/2a2Y,#164
303,Something Wild,1986,https://boxd.it/1UbU,#563
304,Son of the White Mare,1981,https://boxd.it/10f2,
305,Spider-Man,2002,https://boxd.it/2a8i,
306,Spider-Man 2,2004,https://boxd.it/2a88,
307,Spider-Man 3,2007,https://boxd.it/2a7Y,
308,Stalker,1979,https://boxd.it/28PO,#888
309,Stand by Me,1986,https://boxd.it/2aOe,
310,Star Trek,2009,https://boxd.it/1Q6c,
311,Star Wars,1977,https://boxd.it/72s,
312,The Sting,1973,https://boxd.it/1Z5s,
313,The Straight Story,1999,https://boxd.it/2ass,
314,Sully,2016,https://boxd.it/cD8Q,
315,Summer Interlude,1951,https://boxd.it/KDC,#613 : Bergman Box
316,Summer with Monika,1953,https://boxd.it/JZC,#614 : Bergman Box
317,Suspiria,1977,https://boxd.it/1SNW,
318,The Sword of Doom,1966,https://boxd.it/1EoS,#280
319,Taxi Driver,1976,https://boxd.it/2b8y,
320,Tenet,2020,https://boxd.it/leq4,
321,The Terminator,1984,https://boxd.it/2aQY,
322,Terminator 2: Judgment Day,1991,https://boxd.it/2aGY,
323,The Texas Chain Saw Massacre,1974,https://boxd.it/1lcS,
324,There Will Be Blood,2007,https://boxd.it/20Z2,
325,Thief,1981,https://boxd.it/1TEc,#691
326,The Thin Red Line,1998,https://boxd.it/1ZTM,#536
327,The Thing,1982,https://boxd.it/294O,
328,The Third Man,1949,https://boxd.it/294E,#64
329,Thirst,1949,https://boxd.it/C3G,
330,Three Colors: Blue,1993,https://boxd.it/2b7K,#587
331,Three Colors: Red,1994,https://boxd.it/2b7q,#587
332,Three Colors: White,1994,https://boxd.it/2b7A,#587
333,Through a Glass Darkly,1961,https://boxd.it/1TrW,#209 : Bergman Box
334,Through the Olive Trees,1994,https://boxd.it/Lx6,#992
335,Time,2020,https://boxd.it/oiOA,#1109
336,To Joy,1950,https://boxd.it/142Q,
337,Tootsie,1982,https://boxd.it/1YkG,#738
338,Top Gun,1986,https://boxd.it/29JC,
339,Torment,1944,https://boxd.it/C3w,
340,The Touch,1971,https://boxd.it/3zqo,
341,Toy Story 3,2010,https://boxd.it/1WRe,
342,Trafic,1971,https://boxd.it/1TZu,#439
343,Trainspotting,1996,https://boxd.it/29XY,
344,The Tree of Life,2011,https://boxd.it/1Zu8,#942
345,True Grit,2010,https://boxd.it/Sog,
346,"Two Days, One Night",2014,https://boxd.it/6A58,#771
347,The Umbrellas of Cherbourg,1964,https://boxd.it/22fK,#716
348,Uncle Yanco,1967,https://boxd.it/8sV0,
349,Uncut Gems,2019,https://boxd.it/gXGc,#1101
350,Under the Skin,2013,https://boxd.it/3mDa,
351,Unforgiven,1992,https://boxd.it/6Z4,
352,Up in the Air,2009,https://boxd.it/1zPY,
353,Vagabond,1985,https://boxd.it/T0u,#74: Varda Box
354,Vampyr,1932,https://boxd.it/29DY,#437
355,Varda by Agnès,2019,https://boxd.it/kihS,
356,The Virgin Spring,1960,https://boxd.it/1TjI,#321 : Bergman Box
357,Waiting Women,1952,https://boxd.it/2hXC,
358,When Harry Met Sally...,1989,https://boxd.it/29W2,
359,Where Is My Friend's House?,1987,https://boxd.it/ELg,#990
360,Where the Wild Things Are,2009,https://boxd.it/1K0C,
361,Whiplash,2014,https://boxd.it/7bQA,
362,Wild Strawberries,1957,https://boxd.it/29ZU,#139 : Bergman Box
363,Winter Light,1963,https://boxd.it/1nrU,#210 : Bergman Box
364,The Wolf of Wall Street,2013,https://boxd.it/3C1m,
365,The World of Apu,1959,https://boxd.it/29l6,#785
366,Y Tu Mamá También,2001,https://boxd.it/28QM,#723
367,Yi Yi,2000,https://boxd.it/1vCw,#339
